129,中国新闻网,王亚坤、陈展红,中央级,http://www.fj.chinanews.com.cn/news/2024/2024-03-30/545129.html
3046,搜狐网,张泽,省部级,http://news.sohu.com/a/788910634_120046696
2948,中新网,邓讷,中央级,http://www.hi.chinanews.com.cn/hnnew/2024-06-26/706513.html
11,中国文艺网,邓讷,中央级,http://cflac.org.cn/wyrd/202402/t20240206_1299725.html
18,人民论坛网,邓讷,中央级,http://www.rmlt.com.cn/2024/0206/694931.shtml
3043,搜狐网,张泽,省部级,http://news.sohu.com/a/788822654_220260
27,中新网,邓讷,中央级,http://www.hi.chinanews.com.cn/hnnew/2024-02-15/698790.html
7,中新网,邓讷,中央级,http://www.hi.chinanews.com.cn/hnnew/2024-01-22/697581.html
2952,中新网,邓讷,中央级,http://www.hi.chinanews.com.cn/hnnew/2024-06-27/706543.html
2238,中新网,朱莹、邓讷,中央级,http://www.hi.chinanews.com.cn/hnnew/2024-10-01/712166.html
1431,中新网,邓讷,中央级,http://www.hi.chinanews.com.cn/hnnew/2024-05-14/703941.html
1425,中新网,邓讷,中央级,http://www.hi.chinanews.com.cn/hnnew/2024-04-19/702574.html
357,中新网,邓讷,中央级,http://www.hi.chinanews.com.cn/hnnew/2024-02-28/699508.html
106,中国深圳网,安琼,中央级,http://shenzhen.mlzgb.cn/2f5/MTEyNDEwNjEy.html
1451,工人日报,张美怡,中央级,https://web.app.workercn.cn/enews.html?content=396088&t=1713256280445
1430,工人日报,邓讷,中央级,https://web.app.workercn.cn/news.html?id=378580
311,工人日报,马松涛,中央级,https://web.app.workercn.cn/news.html?id=364716
116,工人日报,张美怡,中央级,https://web.app.workercn.cn/enews.html?content=396088&t=1713256280445
2632,工人日报,丁俊峰,中央级,https://web.app.workercn.cn/news.html?id=401373
2959,工人日报,白占宝,中央级,https://web.app.workercn.cn/news.html?aid=390159
114,工人日报,张美怡,中央级,https://web.app.workercn.cn/news.html?id=371376
5,中国深圳网,安琼,中央级,http://shenzhen.mlzgb.cn/2f5/OTEzNzQxNTY=.html
14,中国服务贸易指南网,邓讷,中央级,http://tradeinservices.mofcom.gov.cn/article/yanjiu/hangyezk/202402/161165.html
385,焦点中国网,王亚坤,中央级,http://news.cnlehuo.com.cn/c22/MTAyNzI1ODA=.html
2284,中国产业经济信息网,文承聪,中央级,http://www.cinic.org.cn/xy/fj/1557267.html
1649,中国企业网,邓讷,中央级,http://www.zqcn.com.cn/886/66475.html
1654,中国企业网,邓讷,中央级,http://www.zqcn.com.cn/886/66480.html
2655,中国企业网,邓讷,中央级,http://www.zqcn.com.cn/127/71221.html
595,《光明日报》教育客户端,吕昊临,中央级,https://xst.olomobi.com/#/share-dynamic?dynamicId=10542
366,《光明日报》教育客户端,王吉,中央级,https://xst.olomobi.com/#/share-dynamic?dynamicId=10712
375,《光明日报》教育客户端,王吉,中央级,https://xst.olomobi.com/#/share-dynamic?dynamicId=10754
378,《光明日报》教育客户端,王吉,中央级,https://xst.olomobi.com/#/share-dynamic?dynamicId=10773
28,光明教育家,王吉,中央级,https://xst.olomobi.com/#/share-dynamic?dynamicId=10690
918,搜狐网,文承聪,省部级,https://news.sohu.com/a/834373024_119659
592,中新网福建,王吉,中央级,https://www.fj.chinanews.com.cn/news/2024/2024-01-13/540816.html
2719,搜狐,丁俊峰,省部级,https://news.sohu.com/a/810661660_120046696
1644,中国企业网,邓讷,中央级,http://www.zqcn.com.cn/886/66489.html
521,羊城晚报,马松涛,地市级,https://6nis.ycwb.com/app/template/displayTemplate/news/newsDetail/120401/52555501.html?isShare=true
515,羊城日报,马松涛,地市级,https://6nis.ycwb.com/app/template/displayTemplate/news/newsDetail/120401/52535841.html?isShare=true
843,广东新闻网,吕昊临,省部级,http://www.gdxinwen.net/html/202412/11463428.html
133,焦点中国网,赵琥珀,中央级,http://news.cnlehuo.com.cn/c22/MTIxMjEwOTQ=.html
2389,广东羊城网,唐良桥,省部级,http://cnycw.cn/f37f/70cd16512951.html
24,中证网,邓讷,中央级,https://cs.com.cn/xwzx/msxf/202402/t20240206_6389401.html
2229,中国产业新闻网,朱莹、邓讷,中央级,https://www.zgshwz.com.cn/html/2024/yaowen_1007/13979.html
626,搜狐,姚瑞哲,省部级,https://news.sohu.com/a/750523684_121709057
2306,搜狐,丁俊峰,省部级,https://news.sohu.com/a/810661660_120046696
318,中国产业新闻网,崔国玉,中央级,http://cy.mcaijing.cn/2a6ed/20820763814.html
39,搜狐网,马松涛,省部级,https://news.sohu.com/a/755788111_121117451
95,中国新闻网,沈芳霞,中央级,https://m.chinanews.com/wap/detail/chs/zw/10191748.shtml
154,广东羊城网,欧阳琳,省部级,http://cnycw.cn/f37f/70cd12496756.html
9,中国网,邓讷,中央级,http://life.china.com.cn/web/rdgz/detail2_2024_02/06/4313904.html
583,中国产业新闻网,安琼,中央级,http://cy.mcaijing.cn/2a6ed/20819803570.html
1537,广东羊城网,徐晓东,省部级,http://cnycw.cn/f37f/70cd13173204.html
2349,广东新闻网,马松涛,省部级,http://www.gdxinwen.net/html/202410/12461419.html
2385,广东羊城网,徐立军,省部级,http://cnycw.cn/f37f/70cd16624109.html
1534,广东网,程维格,省部级,http://gd.nezhucheng.cn/da63/ea5b13111357.html
84,海口网,邓讷,地市级,http://www.hkwb.net/news/content/2024-02/07/content_4269995.htm
441,广东羊城网,安琼,省部级,http://cnycw.cn/f37f/70cd10571626.html
2378,广东羊城网,黄婵萍,省部级,http://cnycw.cn/f37f/70cd15265412.html
435,广东网,宋耀明,省部级,http://gd.nezhucheng.cn/da63/ea5b10541896.html
1521,海南都市,邓讷,省部级,http://hainan.mlzgb.cn/563b3/53326363740.html
2402,广东网,唐良桥,省部级,http://gd.nezhucheng.cn/da63/ea5b16512943.html
440,广东网,安琼,省部级,http://gd.nezhucheng.cn/da63/ea5b10571624.html
167,海南都市,邓讷,省部级,http://hainan.mlzgb.cn/563b3/53325303518.html
1520,海南在线,邓讷,省部级,http://hn.mlzgb.cn/5e3e4/93465909355.html
338,中国产业新闻网,崔国玉,中央级,https://www.zgshwz.com.cn/html/2024/chengshi_0305/6776.html
105,中国产业新闻网,安琼,中央级,https://www.zgshwz.com.cn/html/2024/huizhan_0328/7548.html
343,中国产业新闻网,宋耀明,中央级,https://www.zgshwz.com.cn/html/2024/yaowen_0306/6810.html
125,中国产业新闻网,王亚坤,中央级,https://www.zgshwz.com.cn/html/2024/chanye_0316/7078.html
882,广东新闻网,蔡雯静,省部级,http://www.gdxinwen.net/html/202411/30463177.html
108,中国产业新闻网,欧阳琳,中央级,https://www.zgshwz.com.cn/html/2024/yaowen_0328/7560.html
447,海南在线,邓讷,省部级,http://hn.mlzgb.cn/5e3e4/93452124745.html
436,广东羊城网,宋耀明,省部级,http://cnycw.cn/f37f/70cd10541898.html
2757,海南在线,邓讷,省部级,http://hn.mlzgb.cn/5e3e4/93480480990.html
432,广东羊城网,崔国玉,省部级,http://cnycw.cn/f37f/70cd10526288.html
464,海南在线,邓讷、徐波,省部级,http://hn.mlzgb.cn/5e3e4/93452804405.html
1506,海南在线,邓讷,省部级,http://hn.mlzgb.cn/5e3e4/93465414330.html
1706,海南在线,邓讷,省部级,http://hn.mlzgb.cn/5e3e4/93474830395.html
3146,海南在线,邓讷,省部级,http://hn.mlzgb.cn/5e3e4/93471344690.html
1714,海南在线,邓讷,省部级,http://hn.mlzgb.cn/5e3e4/93474830445.html
2673,中国产业新闻网,邓讷,中央级,https://www.zgshwz.com.cn/html/2024/yaowen_0909/13355.html
1453,中国产业新闻网,王亚坤,中央级,https://www.zgshwz.com.cn/html/2024/chengshi_0511/9169.html
2979,中国产业新闻网,王亚坤,中央级,https://www.zgshwz.com.cn/html/2024/yaowen_0621/10710.html
790,中国产业新闻网,朱莹、邓讷,中央级,https://www.zgshwz.com.cn/html/2024/yaowen_1129/15624.html
2222,中国产业新闻网,饶朝岛,中央级,https://www.zgshwz.com.cn/html/2024/yaowen_0918/13541.html
1077,中国产业新闻网,邓讷,中央级,https://www.zgshwz.com.cn/html/2024/yaowen_1120/15307.html
347,中国产业新闻网,安琼,中央级,https://www.zgshwz.com.cn/html/2024/yaowen_0308/6851.html
111,中国企业网,邓讷,中央级,https://www.zqcn.com.cn/127/57110.html
1440,中国企业网,迟立刚,中央级,https://www.zqcn.com.cn/248/58175.html
58,羊城派,马松涛,地市级,https://6nis.ycwb.com/app/template/displayTemplate/news/newsDetail/110059/52500287.html?isShare=true
364,中国企业网,朱莹、邓讷,中央级,https://www.zqcn.com.cn/127/54868.html
1429,中国企业网,邓讷,中央级,https://www.zqcn.com.cn/131/59752.html
2962,中国企业网,白占宝,中央级,https://www.zqcn.com.cn/127/63502.html
362,中国企业网,朱莹、邓讷,中央级,https://www.zqcn.com.cn/qyxw/54748.html
2950,中国企业网,邓讷,中央级,https://www.zqcn.com.cn/248/63878.html
356,中国企业网,邓讷,中央级,https://www.zqcn.com.cn/qyxw/53755.html
360,中国企业网,邓讷、徐波,中央级,https://www.zqcn.com.cn/914/54444.html
950,中视晨报,朱莹、邓讷,地市级,http://news.ee-link.cn/cjsj/3095.html
1693,中视晨报,邓讷,省部级,http://news.ee-link.cn/cjsj/2926.html
1427,中国企业网,邓讷,中央级,https://www.zqcn.com.cn/247/59248.html
1073,中视晨报,邓讷,中央级,http://news.ee-link.cn/cjsj/3091.html
2211,中国企业网,吕昊临,中央级,https://www.zqcn.com.cn/127/73632.html
2237,中视晨报,朱莹、邓讷,中央级,http://news.ee-link.cn/cjsj/3076.html
410,羊城晚报,马松涛,省部级,https://6nis.ycwb.com/app/template/displayTemplate/news/newsDetail/120401/52560996.html?isShare=true
2220,中视晨报,饶朝岛,中央级,http://news.ee-link.cn/cjsj/3063.html
81,海口市人民政府,邓讷,地市级,https://www.haikou.gov.cn/zfdt/mrtt/202402/t1343528.shtml
2667,中视晨报,邓讷,中央级,http://news.ee-link.cn/cjsj/3052.html
1138,广东之窗,徐阳雷,省部级,http://www.guangdongn.com/news/39981.html
877,广东之窗,蔡雯静,省部级,http://www.guangdongn.com/news/36648.html
131,中国网,赵琥珀,中央级,https://hsqz.china.com.cn/m/wap-article-47497.html
1443,中国网,魏曼曼,中央级,https://hsqz.china.com.cn/m/wap-article-55178.html
597,中国网,吕昊临,中央级,https://hsqz.china.com.cn/m/wap-article-40466.html
1426,中国网,邓讷,中央级,https://hsqz.china.com.cn/m/wap-article-56353.html
1435,中国网,迟立刚,中央级,https://hsqz.china.com.cn/m/wap-article-53888.html
393,中国网,文承聪,中央级,https://hsqz.china.com.cn/m/wap-article-46329.html
363,中国网,朱莹、邓讷,中央级,https://hsqz.china.com.cn/m/wap-article-47434.html
1449,中国网客户端,王聪,中央级,https://hsqz.china.com.cn/m/wap-article-57260.html
359,中国网,邓讷、徐波,中央级,https://hsqz.china.com.cn/m/wap-article-46745.html
2961,中国网,白占宝,中央级,https://hsqz.china.com.cn/m/wap-article-63808.html
2949,中国网,邓讷,中央级,https://hsqz.china.com.cn/m/wap-article-64504.html
802,中国网,蔡雯静,中央级,https://hsqz.china.com.cn/m/wap-article-64781.html
805,中国网,蔡雯静,中央级,https://hsqz.china.com.cn/m/wap-article-54958.html
361,中国网,朱莹、邓讷,中央级,https://hsqz.china.com.cn/m/wap-article-47216.html
1428,中国网,邓讷,中央级,https://hsqz.china.com.cn/m/wap-article-57039.html
110,中国网,邓讷,中央级,https://hsqz.china.com.cn/m/wap-article-51755.html
355,中国网,邓讷,中央级,https://hsqz.china.com.cn/m/wap-article-45618.html
373,中国网,王吉,中央级,https://hsqz.china.com.cn/m/wap-article-45528.html
2977,中国网,王亚坤,中央级,https://hsqz.china.com.cn/m/wap-article-63548.html
1661,中国网,吕昊临,中央级,https://hsqz.china.com.cn/m/wap-article-66663.html
2966,中国网,吕昊临,中央级,https://hsqz.china.com.cn/m/wap-article-64489.html
3367,广州市规划和自然资源局网站,覃春晖,地市级,http://ghzyj.gz.gov.cn/ywpd/cxgh/ghxkgsgb/phgbnew/gcghxkz/content/post_9509712.html
